{"cameraMode":{"drawMode":0,"name":"Shaded","section":"Shading Mode"},"sceneLighting":true,"audioPlay":false,"sceneViewState":{"showFog":true,"showMaterialUpdate":false,"showSkybox":true,"showFlares":true,"showImageEffects":true,"showParticleSystems":true},"in2DMode":false,"pivot":{"x":1.828675627708435,"y":-0.6438198089599609,"z":9.491094589233399},"rotation":{"x":0.1671781986951828,"y":0.019516315311193467,"z":-0.003309865016490221,"w":0.9857280254364014},"size":12.709650993347168,"orthographic":false}