{"cameraMode":{"drawMode":0,"name":"Shaded","section":"Shading Mode"},"sceneLighting":true,"audioPlay":false,"sceneViewState":{"showFog":true,"showMaterialUpdate":false,"showSkybox":true,"showFlares":true,"showImageEffects":true,"showParticleSystems":true},"in2DMode":false,"pivot":{"x":-223.00999450683595,"y":2.452340602874756,"z":-109.17922973632813},"rotation":{"x":-0.06452200561761856,"y":0.6526944637298584,"z":-0.05594121664762497,"w":-0.7527952790260315},"size":3.1322057247161867,"orthographic":false}