{"cameraMode":{"drawMode":0,"name":"Shaded","section":"Shading Mode"},"sceneLighting":true,"audioPlay":false,"sceneViewState":{"showFog":true,"showMaterialUpdate":false,"showSkybox":true,"showFlares":true,"showImageEffects":true,"showParticleSystems":true},"in2DMode":false,"pivot":{"x":-188.7323760986328,"y":-6.432237148284912,"z":-110.29290771484375},"rotation":{"x":0.09876201301813126,"y":0.5835334658622742,"z":-0.071782186627388,"w":0.8028584718704224},"size":45.445804595947269,"orthographic":false}