{"cameraMode":{"drawMode":0,"name":"Shaded","section":"Shading Mode"},"sceneLighting":true,"audioPlay":false,"sceneViewState":{"showFog":true,"showMaterialUpdate":false,"showSkybox":true,"showFlares":true,"showImageEffects":true,"showParticleSystems":true},"in2DMode":false,"pivot":{"x":-129.52462768554688,"y":0.39187073707580569,"z":-11.254124641418457},"rotation":{"x":0.11436112970113754,"y":0.7889477014541626,"z":-0.15459442138671876,"w":0.5836097002029419},"size":4.068909168243408,"orthographic":false}