{"cameraMode":{"drawMode":0,"name":"Shaded","section":"Shading Mode"},"sceneLighting":true,"audioPlay":false,"sceneViewState":{"showFog":true,"showMaterialUpdate":false,"showSkybox":true,"showFlares":true,"showImageEffects":true,"showParticleSystems":true},"in2DMode":false,"pivot":{"x":-92.46688079833985,"y":33.22429656982422,"z":-346.48095703125},"rotation":{"x":0.40574029088020327,"y":0.5747221112251282,"z":-0.39445555210113528,"w":0.5911641120910645},"size":14.666023254394532,"orthographic":false}