{"cameraMode":{"drawMode":0,"name":"Shaded","section":"Shading Mode"},"sceneLighting":true,"audioPlay":false,"sceneViewState":{"showFog":true,"showMaterialUpdate":false,"showSkybox":true,"showFlares":true,"showImageEffects":true,"showParticleSystems":true},"in2DMode":false,"pivot":{"x":-170.7549285888672,"y":5.079721450805664,"z":-22.238208770751954},"rotation":{"x":-0.20635513961315156,"y":-0.6750450730323792,"z":0.20549125969409944,"w":-0.6778756380081177},"size":120.83377838134766,"orthographic":false}