{"cameraMode":{"drawMode":0,"name":"Shaded","section":"Shading Mode"},"sceneLighting":true,"audioPlay":false,"sceneViewState":{"showFog":true,"showMaterialUpdate":false,"showSkybox":true,"showFlares":true,"showImageEffects":true,"showParticleSystems":true},"in2DMode":false,"pivot":{"x":-87.59288787841797,"y":-46.29261016845703,"z":30.653486251831056},"rotation":{"x":0.10606500506401062,"y":-0.7559419274330139,"z":0.12657436728477479,"w":0.6334732174873352},"size":148.73199462890626,"orthographic":false}