{"cameraMode":{"drawMode":0,"name":"Shaded","section":"Shading Mode"},"sceneLighting":true,"audioPlay":false,"sceneViewState":{"showFog":true,"showMaterialUpdate":false,"showSkybox":true,"showFlares":true,"showImageEffects":true,"showParticleSystems":true},"in2DMode":false,"pivot":{"x":-802.103759765625,"y":634.50341796875,"z":-124.20518493652344},"rotation":{"x":0.2886578440666199,"y":0.5747091174125671,"z":-0.22681541740894319,"w":0.7313997745513916},"size":-631.8565063476563,"orthographic":false}